Route,Latitude,Longitude,Address,AWB
Route 1,12.9715987,77.5945627,"Bangalore, Karnataka",0
Route 1,12.9620069,77.63437669999999,"2nd Stage, Indiranagar, Bangalore",91477551055
Route 1,12.948889,77.686014,"23/4, Kariyammana Agrahara Road Kadubisinahalli, Prestige Tech Park Back Gate, Marathahalli, Bangalore",87093968225
Route 1,12.9486582,77.6899712,"77 Town Center, Yemalur Road, Marathahalli Village, Marathahalli, Bangalore",66199582549
Route 1,12.9432425,77.69190569999999,"6,Opposite Prestige Tech Park, Kadubeesanhalli Bus Stop, Marathahalli, Bangalore",75026092650
Route 1,12.9409139,77.696234,"94/2, Panathur Railway Station Road, Opp to JP Morgan (Outer Ring Road), Munnireddy Layout, Panathur, Bangalore",98312518779
Route 1,12.9399329,77.6979661,"Plot 302, Shop 1, 2nd Cross, Kadubesanahalli, Panathur Main Road, Marathahalli, Bangalore",71791751983
Route 1,12.9371973,77.7024654,"2nd Floor, All Season Super Market Building, Panathur Road, Kadubeesanahalli, Panathur, Marathahalli, Bangalore",79263517463
Route 1,12.9371558,77.7023374,"Panathur Main Road, Kadubeesanahalli, Marathahalli, Bangalore",47015403024
Route 1,12.9354544,77.7008985,"Srinivasa Nilayam, Site 3, Vidya Vikas School Road, Panathur New Extension, Kaverappa Layout, Marathahalli, Bangalore",60841023934
Route 1,12.9348526,77.7011853,"3, Srinivasa Nilayam, Vidya Vikas School Road, Panathur New Extension, Kaverappa Layout, Marathahalli, Bangalore",43727711975
Route 1,12.9365238,77.703783,"82/3, Third Floor, Khata 866, Panathur Main Road, Bhoganahalli Cross, Marathahalli, Bangalore",81893229584
Route 1,12.9324386,77.7081077,"Shop 7, 8 Opposite, Airtel Express, Panathur Main Road, Marathahalli, Bangalore",61450912280
Route 1,12.9324386,77.7081077,"127, Kadubisannhalli, Panathur Main Road, Marathahalli, Bangalore",45180804640
Route 1,12.9367813,77.71045889999999,"18, Prakruthi Enclave, Panathur Road, Kadubeesanahalli, Marathahalli, Bangalore",41891691354
Route 1,12.9486437,77.6996774,"88, Outer Ring Road, Next To More Mega Store, Marathahalli, Bangalore",15691083877
Route 1,12.9483018,77.69946519999999,"88, 1st Floor, VIMS Hospital Building, Outer Ring Road, Marathahalli, Bangalore",62758300340
Route 1,12.9483018,77.69946519999999,"Ground Floor, Vims Hospital Buidling, Opposite to More, Marathahalli, Bangalore",31203804545
Route 1,12.9482807,77.6983956,"5, KBR Mall Complex, Ground Floor, More Mega Store, Varthur Hobli, Marathahalli, Bangalore",32184021928
Route 1,12.9482807,77.6983956,"Ground Floor, More Megastore, Service Road, Marathahalli, Bangalore",13002857017
Route 1,12.9482807,77.6983956,"88, KBR Complex, More Mega Store, Marathahalli, Bangalore",73406214406
Route 1,12.949365,77.6990172,"1st Floor, NTR Royal Plaza, Outer Ring Road, Marathahalli, Bangalore",18924249557
Route 1,12.9493355,77.6998041,"First Floor, Raja Ikon, Opposite Hotel Radisson Blu, Near Marathahali Bridge, Marathahalli, Bangalore",24526739732
Route 1,12.9499411,77.7006733,"Near Madurai Idly, SGR Dental College Road, CKB Layout, Chandra Layout, Marathahalli, Bengalore",
Route 1,12.9499411,77.7006733,"Near Madurai Idly, SGR Dental College Road, CKB Layout, Chandra Layout, Marathahalli, Bengalore",65188908427
Route 1,12.955812,77.713686,"595, Ground Floor, Kundalahalli, Varthur Hobli Mahadevpura, Marathahalli, Bangalore",25842170396
Route 1,12.9698565,77.7515638,"4, St Mary's Building, 2nd Stage, Indiranagar, Bangalore",62280811516
,,,,
Route 2,12.9715987,77.5945627,"Bangalore, Karnataka",0
Route 2,12.9122542,77.63633109999999,"2334, Aarush Arcade, 17th Cross, 1st Sector, HSR, Bangalore",64727690316
Route 2,12.9120766,77.6494981,"2331, 17th Cross, 24th Main, HSR, Bangalore",41474085570
Route 2,12.9121301,77.650205,"1214, 17th Cross Road, Parangi Palaya, Sector 2, HSR Layout, Bangalore",71466613736
Route 2,12.9125828,77.6510904,"2606, Ground Floor, The Ambience Building, 16th Cross, 27th Main, Sector 1, HSR, Bangalore",94402524628
Route 2,12.9125828,77.6510904,"2606, The Ambience, 27th Main Road, 16th cross, HSR Layout",47082143365
Route 2,12.9121594,77.6516733,"2318, 27th Main Road, 1st Sector, HSR, Bangalore",42498449819
Route 2,12.9119893,77.651832,"27th Main road, Sriven Teesta, Near Raymond?s Showroom HSR, Bangalore",52917061849
Route 2,12.9119893,77.651832,"27th Main, Near NIFT, Sector-1, HSR, Bangalore",40837739535
Route 2,12.9099715,77.6518782,"1659, 27th Main Road, Sector 2, HSR Layout, HSR, Bangalore",33739970099
Route 2,12.9079765,77.6517237,"191, First Floor, 27th Main, Sector 2, HSR, Bangalore",17354068059
Route 2,12.9078089,77.651859,"Shop 339, 27th Main Road, HSR Layout Sector 2, Bangalore",66471762239
Route 2,12.9042116,77.6507228,"1, 328, 27th Main, 21st Cross, Sector 2, HSR, Bangalore",89111417547
Route 2,12.9096504,77.65330279999999,"Building 2686, 31 Main, 13 Cross, Sector 1, Behind CPWD Quarters, HSR Layout, HSR, Bangalore",85984892588
Route 2,12.9069779,77.6634925,"Shop 5, LNR Building, Harlur Road, HSR, Bangalore",74962568491
Route 2,12.918756,77.6851939,"Near kaka singh dhaba, RMZ eco world backgate",70987447117
Route 2,12.9253796,77.6876118,"Ibis Bengaluru, Opposite RMZ Ecospace Business Park, Sarjapur Outer Ring Road, Marathahalli, Bangalore",22195593543
Route 2,12.9267407,77.6895485,"10/3, Devarabeesanahali, Outer Ring Road, Opposite Embassy Tech Park, Marathahalli, Bangalore",86439214657
Route 2,12.9360704,77.6935663,"Embassy Tech Square Food Court, Cessna Tech Park, Outer Ring Road, Kadubeesanahalli, Marathahalli, Bangalore",59723146139
Route 2,12.935653,77.695588,"Salarpuria Sattva Aura, Kiosk 6, Foodworks Food Court, Block 11, Marathahalli - Sarjapur Outer Ring Road, Kaverappa Layout, Kadubeesanahalli, Marathahalli, Bangalore",35828962763
Route 2,12.9387303,77.6951242,"20/5, Outer Ring Road, Kadubeesanahalli, Marathahalli, Bangalore",49862610786
Route 2,12.9394137,77.6952031,"Kadubeesanahalli, Near Aricent Technologies, Marathahalli, Bangalore",19455702296
Route 2,12.9394137,77.6952031,"41, Kadubeesanahalli, Marathahalli, Bangalore",17162566322
Route 2,12.9399931,77.6962218,"20\5, Panathur Junction, Outer Ring Road, Kadubeessanahalli, Marathahalli, Bangalore",22660986194
Route 2,12.9399931,77.6962218,"20/5, 1st Floor, Panathur Junction, Outer Ring Road, Marathahalli, Bangalore",19783328541
Route 2,12.9399931,77.6962218,"20\5, Panathur Junction, Outer Ring Road, Kadubeessanahalli, Marathahalli, Bangalore",
Route 2,12.9399931,77.6962218,"19/4 & 27, Ground Floor, Indiqube Alpha, Panathur Junction, Kadubisanahalli, Sarjapur Outer Ring Road, Marathahalli, Bangalore",33192159992
Route 2,12.940234,77.6959631,Best Of Bengal,
Route 2,12.9394098,77.69515729999999,"20/5, Narayanswamy Building, Kadubeesanahalli Bridge, Outer Ring Road, Kadubeesanahalli, Marathahalli, Bangalore",48552195740
Route 2,12.9389269,77.6946805,"20/7, Swamy Legato, Outer Ring Road, Kadubeesanahalli, Marathahalli, Bangalore",60147650973
Route 2,12.9428771,77.6966127,"Outer Ring Road, Opposite to JP Morgan, Kodbisanhalli, Marathahalli, Bangalore",25907907008
,,,,
Route 3,12.9715987,77.5945627,"Bangalore, Karnataka",0
Route 3,12.9221548,77.64537109999999,"Next to Grigliato, Sector 1 , HSR Layout, HSR, Bangalore",18227945733
Route 3,12.92178,77.6451944,"1558, 19th Main, Ring Road, Near Indian Oil Petrol Bunk, Sector 1, HSR, Bangalore",39213602287
Route 3,12.9159261,77.6497332,"680-669, 13th Cross Rd, 1st Sector, HSR Layout, Bengaluru, Karnataka",11910424508
Route 3,12.9163752,77.6497418,"780, 12th Cross, 19th Main, HSR, Bangalore",20687322207
Route 3,12.9175337,77.65045719999999,"2318, Sector 1, Near NIFT College, HSR, Bangalore",44350146864
Route 3,12.9175337,77.65045719999999,"1554, Ground Floor, 19th Main, Sector - 1, HSR, Bangalore",19365687734
Route 3,12.9175337,77.65045719999999,"1562, Sector 1, HSR, Bangalore",22921695090
Route 3,12.9175337,77.65045719999999,"1554, Ground Floor, 19th Main, Sector - 1, HSR, Bangalore",
Route 3,12.9175337,77.65045719999999,"1554, Ground Floor, 19th Main, Sector 1, HSR, Bangalore",95752660397
Route 3,12.916185,77.651424,"697, 12th Cross, 27th Main, 1st Sector, HSR, Bangalore",35688482050
Route 3,12.9163356,77.6521815,"646, 12th Cross, 27th Main, Sector 1, HSR, Bangalore",89040589151
Route 3,12.9156333,77.6516664,"2633, 27th Main, 13th Cross, 1st Sector, Liss Arcade, HSR, Bangalore",49002247401
Route 3,12.915173,77.65158799999999,"2628, 27th Main Road, 1st Sector, HSR Layout, Bangalore, HSR, Bangalore",50915970151
Route 3,12.9137071,77.651623,"2617, 27th Main, Sector 1, Opposite CPWD Complex, HSR, Bangalore",37256804721
Route 3,12.9129272,77.6516473,"2610, 27th Main, Near NIFT, HSR Layout, HSR, Bangalore",28074155949
Route 3,12.9129272,77.6516473,"2610, 27th Main, Near NIFT, HSR Layout, HSR, Bangalore",
Route 3,12.912786,77.6520296,"2738, 27th Main, Sector 1, HSR, Bangalore",91311238475
Route 3,12.912702,77.652479,"#2733, 16th Cross, 27th Main, Opppsite NIFT College, Sector 1, HSR, Bangalore",31316164825
Route 3,12.912702,77.652479,"Opposite NIFT College, 2733, 16th Cross, 27th Main Road, PWD Quarters, 1st Sector, HSR Layout, HSR, Bangalore",85469796479
Route 3,12.912702,77.652479,"2733, 16th Cross, 27th Main Road, Oppsite, NIFT College, 1st Sector, HSR Layout, Bangalore",84618864102
Route 3,12.912702,77.652479,"2733, 16th Cross, 27th Main, Opposite NIFT, Sector 1, HSR Layout, Bangalore, HSR, Bangalore",98967476662
Route 3,12.9126877,77.6532769,"2724, 31st Main, 17th Cross, HSR, Bangalore",89394948450
Route 3,12.9114016,77.6535232,"31st Main, Near NIFT, Sector 1, HSR, Bangalore",70719650178
Route 3,12.9119893,77.651832,"331, Ground Floor, 27th Main, 2nd Stage, HSR, Bangalore",81727476606
Route 3,12.9119893,77.651832,"647, Ground Floor, 27th Main Road, Sector 1, HSR, Bangalore",96874607527
Route 3,12.9119893,77.651832,"191, Ground Floor, 27th Main Road, Near CPWD Quarters, Beside Lawrance & Mayo, Sector 2, HSR, Bangalore",53402748741
Route 3,12.9124495,77.65167629999999,"2317, 27th Main, Sector 1, Opposite NIFT College, HSR Layout, HSR, Bangalore",76687493477
Route 3,12.9154599,77.6491032,"Basement 2064, Siri Iris Building, 24th Main, N.R.T.A Enclave, HSR, Bangalore",58089927559
Route 3,12.91615,77.6488823,"13th Cross, 24th Main, Opposite Assetz Apartment, 1st Sector, HSR, Bangalore",21104565365
Route 3,12.9202927,77.6451278,"1548, 19th Main, Outer Ring Road, Opposite BMTC Bus Depot, HSR, Bangalore",29805721561
,,,,
Route 4,12.9715987,77.5945627,"Bangalore, Karnataka",0
Route 4,12.9746635,77.60765219999999,"2, Church Street, Bangalore",84366653069
Route 4,12.9821969,77.63688719999999,"844, Binnamangala, 1st Stage, Near B.D.A Complex, Double Road, Indiranagar, Bangalore",98618659069
Route 4,13.0103509,77.7034883,"76, Shruthi Layout, Basavanapura Main Road, KR Puram, Bangalore",61354798733
Route 4,13.0043122,77.7103151,"Devasandra Main Road, Ayyappa Nagar, KR Puram, Bangalore",28529174781
Route 4,13.0031532,77.7126242,"39, Aiyaapanagar Main Road, Near Krishna Community Hall, KR Puram, Bangalore",63269771781
Route 4,13.0044944,77.7125871,"7, Anurhh Arcade, Hoodi Road, Kodigehalli Road, KR Puram, Bangalore",15145909184
Route 4,13.0044944,77.7125871,"7, Anurhh Arcade, Hoodi Road, Kodigehalli Road, KR Puram, Bangalore",
Route 4,13.0044944,77.7125871,"7, Anurhh Arcade, Hoodi Road, Kodigehalli Road, KR Puram, Bangalore",
Route 4,13.0044944,77.7125871,"7, Anurhh Arcade, Hoodi Road, Kodigehalli Road, KR Puram, Bangalore",
Route 4,13.004608,77.7140429,"92, Kodigehalli Main Road, Ayyappa Nagar, KR Puram, Bangalore",81129879069
Route 4,13.0034826,77.7175524,"Coconut Garden Layout, Kodigehalli Main Road, KR Puram, Bangalore",62644046092
Route 4,13.0017902,77.7231486,"2/1 Unit 6, Hoodi Kodigehalli Road, Opposite Crystal Apartment, KR Puram, Bangalore",47626343441
Route 4,13.0017902,77.7231486,"2/1 Unit 6, Hoodi Kodigehalli Road, Opposite Crystal Apartment, KR Puram, Bangalore",
Route 4,13.0017902,77.7231486,"2/1 Unit 6, Hoodi Kodigehalli Road, Opposite Crystal Apartment, KR Puram, Bangalore",
Route 4,13.0017902,77.7231486,"2/1 Unit 6, Hoodi Kodigehalli Road, Opposite Crystal Apartment, KR Puram, Bangalore",
Route 4,13.0077274,77.7342053,"Shop 2, Kodigahalli Main Road, KR Puram",84014569034
Route 4,13.0077274,77.7342053,"Shop 2, Kodigahalli Main Road, KR Puram",
Route 4,13.003555,77.7245487,"92, Ground Floor, Muninanjappa Gardens, Kodigehalli Main Road, KR Puram, Bangalore",62724763094
Route 4,12.9998189,77.7151616,"21/28, Radhakrishna Nilaya, Opp SEA Institutions, Ayappa Nagar, KR Puram, Bangalore",17432534499
Route 4,12.9860236,77.7084196,"44, Kodigehalli to Hoodi Main Road, Mahadevapura Post, KR Puram, Bangalore",34795550625
Route 4,12.973296,77.6957888,"Shop 217, 2nd Main Road, Kadubeesanahalli Croma, Back Side Road, Near Kumbeshwara Temple Marathahalli, Bangalore",83760820881
Route 4,12.973296,77.6957888,"Shop 217, 2nd Main Road Kadubeesanahalli Croma Back Side Road Near Kumbeshwara Temple Marathahalli, Bangalore",49695767650
Route 4,12.973296,77.6957888,"Shop 217, 2nd main road, Kadubeesanahalli Croma, Back Side road Near Kumbeshwara Temple Marathahalli, Bangalore",72580152196
Route 4,12.9641908,77.7019459,"Kadubeesanahalli, Marathahalli Outer Ring Road, Opposite JP Morgan, Varthur Hobli, Marathahalli, Bangalore",56516948976
Route 4,12.9577656,77.7011709,"89/1, Monnekollal Village, Varthur Hobli, Outer Ring Road, Marathahalli, Bangalore",35278429230
Route 4,12.9577656,77.7011709,"88, 3rd Floor, KBR Mall, Above More Mega Store, Outer Ring Road, Marathahalli, Bangalore",34889886477
Route 4,12.9502139,77.6989321,"90/4, Above Sony Centre, Opposite Park Plaza, Outer Ring Road, Marathahalli, Bangalore",51656603551
Route 4,12.9503914,77.69867599999999,"89/1, Service Road, Marathahalli, Bangalore",55026656606
Route 4,12.9499232,77.6976686,"89/1, Tulasi Theater Road, Near SBR Palace, Marathahalli, Bangalore",98486281871
Route 4,12.9446164,77.6836756,"Yemalur, Marathahalli, Bangalore",12358732625
,,,,
Route 5,12.9715987,77.5945627,"Bangalore, Karnataka",0
Route 5,12.9127245,77.5958453,"204, 4th Cross, KSRTC Layout, 2nd Phase, JP Nagar, Bangalore",18834198685
Route 5,12.9123174,77.58784109999999,"104/1, 21st Main Road, 6th Cross Road, R K Colony, JP Nagar 2nd Phase, Bangalore",60730226124
Route 5,12.9135927,77.5873919,"44, 3rd Cross, Marenahalli, 2nd Phase, JP Nagar, Bangalore",13550952423
Route 5,12.9115788,77.5857133,"954, 2nd Floor, 24th Main, 2nd Phase, Opposite LIC Building, JP Nagar, Bangalore",60104333056
Route 5,12.9102386,77.5858962,"915, 24th Main Road, 2nd Phase, Mayura Circle, JP Nagar, Bangalore",65256560203
Route 5,12.9088826,77.5857567,"Amoolya, 1st Floor, 24th Main, 6th Phase, JP Nagar, Bangalore",82980897770
Route 5,12.9088826,77.5857567,"Amoolya, 1st Floor, 24th Main, 6th Phase, JP Nagar, Bangalore",
Route 5,12.9085621,77.5859526,"Cross Roads Inn, 827, Near RV Dental College Compound, 24th Main, 12th Cross, JP Nagar, Bangalore",81926175607
Route 5,12.906285,77.5874455,"305, Anand NR Onyx, 15th Cross, 100 Feet Ring Road, 5th Phase Extension, JP Nagar, Bangalore",52273090335
Route 5,12.906285,77.5874455,"296, Ground Floor, 5th Phase, 100 ft Outer Ring Road, JP Nagar, Bangalore",60270106051
Route 5,12.9063958,77.5886106,"281, 2nd Floor, 15th Cross, 5th Phase, JP Nagar, Bangalore",76031744666
Route 5,12.9156577,77.5994159,"1260, SY 35/4, SJR Towers, 24th Main Puttanhalli, 7th Phase, JP Nagar, Bangalore",
Route 5,12.9156577,77.5994159,"1260, SY 35/4, SJR Tower's, 7th Phase, 24th Main Puttanhalli, JP Nagar, Bangalore",62376246282
Route 5,12.9156577,77.5994159,"1260, SY 35/4, SJR Towers, 24th Main Puttanhalli, 7th Phase, JP Nagar, Bangalore",75423501902
Route 5,12.9112119,77.599166,"46/A, 1st Main, 3rd Phase, JP Nagar, Bangalore",61686659900
Route 5,12.9019819,77.6042056,"Near Bank Of India ATM, Ramka Colony, Bilekahalli, Marathahalli, Bangalore",
Route 5,12.9019819,77.6042056,"Near Bank Of India ATM, Ramka Colony, Bilekahalli, Marathahalli, Bangalore",47772983315
Route 5,12.8921504,77.6282442,"15, 7th Cross, Near Mother Teresa School, ITI Layout, Hosapalya Main Road, HSR, Bangalore",65216540873
Route 5,12.8897963,77.58558289999999,"99/4, Nataraja Layout, 7th Phase, JP Nagar, Bangalore",66314622688
Route 5,12.8838109,77.5829501,"Someshwara Bhavan, RBI Layout, 7th Phase, Kothnur Main Road, JP Nagar, Bangalore",50570222462
Route 5,12.8872242,77.58182599999999,"Big Bazzar Building, JP Nagar, Bangalore",28090773455
Route 5,12.8902416,77.58212879999999,"99/2A, Kothnoor Main Road, Opposite RBI Layout Bus Stop, 7th Phase, JP Nagar, Bangalore",60615787248
Route 5,12.8917914,77.577754,"724, 3rd Floor, RBI Layout, Rini Pearl, Opposite E.K. Retail, 7th Phase, JP Nagar, Bangalore",50581824353
Route 5,12.8890015,77.573385,"JP Nagar, Phase 7, Bangalore",24549099395
Route 5,12.9063438,77.5711549,"Shop 37, 3rd Cross, Outer Ring Road, Kadubisnahalli, Marathahalli, Bangalore",48712626536
Route 5,12.9052573,77.5841502,"18, K.R Layout, Dollar Colony, 4th Phase, JP Nagar",77357637627
Route 5,12.9113897,77.584992,"5th A Cross, Lakshmi Complex, Manjunatha Colony, Near RV Dental College, 2nd phase, JP Nagar, Bangalore",13385067871
Route 5,12.9158698,77.5860082,"77/1, 24th Main, 2nd Phase, JP Nagar, Bangalore",85830764356
Route 5,12.916563,77.583568,"47/1, 9th Main,1st Cross, Miniforest, Phase 3, JP Nagar, Bangalore",65307617155
Route 5,12.9611795,77.5796242,"3rd Cross, 2nd Stage, Domlur, Bangalore",37317986613
,,,,
Route 6,12.9715987,77.5945627,"Bangalore, Karnataka",0
Route 6,12.9740428,77.6071375,"1A, Church Street, Bangalore",59997033261
Route 6,12.9257303,77.6651649,"569/4, Sector 1, HSR, Bangalore",14699928469
Route 6,12.970274,77.641387,"949, Ground Floor, HAL 2nd Stage, 12th Main, 100 feet Road, Indiranagar, Bangalore",77604849495
Route 6,12.969924,77.6388704,"970, 12th Main, 5th Cross, Indiranagar, Bangalore",94667742985
Route 6,12.9701997,77.6391119,"949, 12th Main Rd, Appareddipalya, Indiranagar, Bengaluru, Karnataka",65665446450
Route 6,12.9701997,77.6391119,"949, 12th Main, Ground Floor, Off 100 Feet Road, Indiranagar, Bangalore",62399381626
Route 6,12.9750224,77.64493019999999,"1324, Double Road, 2nd Stage, Opposite Cauvery School, Indiranagar, Bangalore",81655937477
Route 6,12.9758079,77.6467327,"712, 6th Cross, 5th Main, Off 80 Feet Road, Indiranagar, Bangalore",21225161006
Route 6,12.9778862,77.64619789999999,"Next to CMH Metro Station, CMH Road, Indiranagar, Bangalore",46767096463
Route 6,12.9699539,77.638717,"1083, 12th main, 5th Cross, Indiranagar, Bangalore",20550226542
Route 6,12.9699142,77.6379417,"1088, 12th Main, HAL 2nd Stage, Off 100 Feet Road, Indiranagar, Bangalore",38434272738
Route 6,12.9653791,77.63803399999999,"212/A, 1st Main Road, Stage 2, Indiranagar, Bangalore",
Route 6,12.9653791,77.63803399999999,"212/A, 1st Main Road, Stage 2, Indiranagar, Bangalore",13337031353
Route 6,12.9614154,77.6349097,"12th Main, HAL 2nd Stage, ESI To Domlur, Service Road, Indiranagar, Bangalore",84612864961
Route 6,12.9600892,77.6357111,"598, 1st floor, 1st Cross, 1st A Main Road, Domlur Layout, Domlur, Bangalore",
Route 6,12.9600892,77.6357111,"598, 1st Floor, 1st Cross, 1st A Main Road, Domlur Layout, 1st Stage, Domlur, Bangalore",96249705883
Route 6,12.9600892,77.6357111,"598, 1st floor, 1st Cross, 1st A Main Road, Domlur Layout, 1st Stage, Domlur, Bangalore",85725180680
Route 6,12.9613059,77.6366221,"197/A, Double Road, 2nd Stage, Opposite HDFC Bank, Indiranagar, Bangalore",70899793952
Route 6,12.9609857,77.6387316,"Domlur, Bangalore",86841663173
Route 6,12.9599925,77.6407538,"765, 1st Floor, 1st Main, Domlur Layout, Domlur, Bangalore",81721151401
Route 6,12.9539498,77.641089,"181, 3rd Floor, Amar Jyothi Layout, Inner Ring Road, Domlur, Bangalore",53198547414
Route 6,12.9506526,77.6392151,"72, 2nd Floor, Next to Max & Crossword, 3rd Phase, Inner Ring Road, JP Nagar, Bangalore",83288941747
Route 6,12.9236427,77.6497211,"49, Agara Circle, Near Hanuman Statue, HSR Layout, HSR, Bangalore",56766768595
Route 6,12.9232993,77.6514254,"2802, 27th Main Road, Sector 1, HSR, Bangalore",46205581478
Route 6,12.9204264,77.6515996,"64&65, 27th Main Road, Sector 1, HSR Layout",33783112676
Route 6,12.9196367,77.64947529999999,"543, 7th Cross, 24th Main, Opposite Nous Info Systems, Sector 1, HSR, Bangalore",94332983235
Route 6,12.9194511,77.6487443,"7th Cross, Sector 1, HSR, Bangalore",30449400919
Route 6,12.9194418,77.647291,"7th Cross Road, Agara Village, 1st Sector, HSR, Bangalore",78472305957
Route 6,12.9189625,77.6449137,"1548, 3rd Floor,19th Main Road, Sector 1, Agara Village, HSR, Bangalore",28764133976
Route 6,12.9196402,77.64447919999999,"1543, 7th Cross, 19th Main, 1st Sector, HSR, Bangalore",87898682349
,,,,
Route 7,12.9715987,77.5945627,"Bangalore, Karnataka",0
Route 7,12.9481544,77.5971734,"119/19, Ground Floor, 10th Cross, Venkateshwara Layout, SG Palya, HSR, Bangalore",30262250302
Route 7,12.9257475,77.6143829,"77 Town, Building No 3, Divya Shree Building, Yamalur Post, Marathahalli, Bangalore",62165843566
Route 7,12.9104699,77.6139457,"809/A, 27th Main, 100 Feet Road, 1st Sector, HSR, Bangalore",85539430303
Route 7,12.9059478,77.6058923,"81, 7th Main, 5th Cross, Bank of Baroda Colony, 7th Phase, JP Nagar, Bangalore",71217404672
Route 7,12.9066907,77.602318,"5th Cross Road, Dollar Layout, 3rd Phase, JP Nagar, Bangalore",98072567575
Route 7,12.9070991,77.5996462,"57, 15th Cross Road, Outer Ring Road, Phase 6, JP Nagar, Bangalore",81028594970
Route 7,12.907355,77.5985151,"Quality Inn - Shravanthi, 60, 13th Cross, 2nd Main, 3rd Phase, JP Nagar, Bangalore",67841310375
Route 7,12.9061345,77.5968288,"Site 15, 15th Cross, 100 Feet Road, 4th Phase, JP Nagar, Bangalore",66193906105
Route 7,12.906383,77.596713,"67, 15th Cross, 6th B Main, JP Nagar, Bangalore",33178947349
Route 7,12.9065794,77.5929269,"The HHI Select Bengaluru Hotel, 686, 15th Cross, Ring Road, 2nd Phase, JP Nagar, Bangalore",32162999926
Route 7,12.9061386,77.5929986,"311, 15th Cross, 5th Phase, JP Nagar, Bangalore",92874070081
Route 7,12.901773,77.594978,"Eden Park7, 8 Doresani Palya, Near Kalyani Magnum, Opposite Oracle, 5th Phase, JP Nagar, Bangalore",36774055970
Route 7,12.9033045,77.59173849999999,"8, 15th Main, 5th Phase, JP Nagar, Bangalore",72031214940
Route 7,12.9032116,77.5877971,"18th Cross road, 5th Phase, JP Nagar, Bangalore",87207515803
Route 7,12.9037401,77.5870418,"10/3, Shamanna Garden, 22nd Main Rd, Phase 5, JP Nagar, Bangalore",86868052143
Route 7,12.904529,77.5855601,"1, 24th Main Rd, 1st Phase, Girinagar, KR Layout, Muneshwara T-Block, JP Nagar, Bangalore",49726345575
Route 7,12.904529,77.5855601,"1, 24th Main Rd, 1st Phase, Girinagar, KR Layout, Muneshwara T-Block, JP Nagar, Bangalore",
Route 7,12.9038753,77.58590679999999,"Shop 1, 129, 24th Main, 5th Phase, JP Nagar, Bangalore",95782788535
Route 7,12.9029512,77.58562049999999,"21, 24th Main Road, 6th Phase, JP Nagar, Bangalore",27632908686
Route 7,12.901013,77.586034,"#35/4, 24th main JP Nagar 7th phase, Puttenahalli, JP Nagar, Bangalore",25281194232
Route 7,12.9003937,77.5858415,"1260 SY 35/4 SJR Tower's, JP Nagar 7th Phase, 24th Main Puttanhalli, JP Nagar, Bangalore",34763837898
Route 7,12.9003937,77.5858415,"1260 SY 35/4 SJR Tower's, JP Nagar 7th Phase, 24th Main Puttanhalli, JP Nagar, Bangalore",
Route 7,12.9003937,77.5858415,"1260 SY 35/4 SJR Tower's, 24th Main Puttanhalli, JP Nagar 7th Phase, Bangalore",14876577908
Route 7,12.9003937,77.5858415,"1260 SY 35/4 SJR Tower's, 24th Main Puttanhalli, 7th Phase, JP Nagar Bangalore",38777880457
Route 7,12.8982804,77.5858544,"44-45, Terrace Floor, 24th Main Road, 7th phase, JP Nagar, Bangalore",73908465584
Route 7,12.8978624,77.58450839999999,"97, Wilson Garden Housing Society, 7th Phase, JP Nagar, Bangalore",72346908029
Route 7,12.8917987,77.58368610000001,"Brigade Millenium Inside Indian Music Experience Museum, JP Nagar, Bangalore, Bengaluru",69289578038
Route 7,12.8919779,77.5817794,"114, Kothanur Main Road, Santrupthi Nagar, 7th Phase, JP Nagar, Bangalore",13346207178
Route 7,12.9120799,77.5745235,"6, Shakambari Nagar, 1st stage, JP Nagar, Bangalore",62201852038
Route 7,13.0112545,77.50636089999999,"Number 4 St Mary's Building, 39/1, 2nd Stage, Indiranagar, Bangalore",38653109135
,,,,
Route 8,12.9715987,77.5945627,"Bangalore, Karnataka",0
Route 8,12.9757954,77.6019081,"42, Church Street, Bangalore",52059909281
Route 8,12.9756472,77.60225369999999,"G-005, City Centre, 28/4, Church Street, Bangalore",61422999142
Route 8,12.9756472,77.60225369999999,"G-005, City Centre, 28/4, Church Street, Bangalore",
Route 8,12.9757082,77.6023934,"46, Church Street, Bangalore",24472334890
Route 8,12.9757082,77.6023934,"46, Church Street, Bangalore",
Route 8,12.975507,77.60314799999999,"48, Triumph Towers, Church Street, Bangalore",73796529420
Route 8,12.975079,77.603155,"33, High Gates Hotel, Church Street, Bangalore",76893410434
Route 8,12.9752302,77.60346220000001,"First Floor, 14, Church Street, Bangalore",99015056791
Route 8,12.9749903,77.6047836,"50/1, Haridevpur, Shantala Nagar, Ashok Nagar, Church Street, Bangalore",75568022308
Route 8,12.9746781,77.60490279999999,"22, Amoeba Complex, Church Street, Bangalore",98170732794
Route 8,12.9748809,77.6056454,"46/1, Cobalt Building, Church Street, Bangalore",81065467193
Route 8,13.0274976,77.63458159999999,"Ikon Building, Next to Sony Centre, Outer Ring Road, Marathahalli",54016008457
Route 8,13.0116344,77.6485005,"39/7, 5th Cross, 6th Main, Appareddy Palya, Indiranagar, Bangalore",79226518761
Route 8,12.9809038,77.6398129,"Shop 6, First Floor, Binnamangala First Stage, Indiranagar, Bangalore",26105795180
Route 8,12.9783692,77.6408356,"4, 39/1, St Mary's Building, 2nd Stage, Indiranagar, Bangalore",55525210263
Route 8,12.9783143,77.637585,"544, First Floor, Near Indiranagar Metro Station, CMH Road, Indiranagar, Bangalore",38200322788
Route 8,12.9783143,77.637585,"322, Shalini Complex, CMH Road, Indiranagar, Bangalore",87348538617
Route 8,12.9786738,77.6362003,"Ground Floor, Sri Shiva Sai Complex, 13th Cross, 7th Main, 2nd Stage, HAL, Off Double Road, Indiranagar, Bangalore",92941598133
Route 8,12.9773122,77.635937,"493, 13th Cross, 2nd Stage, Behind BDA Complex, Indiranagar, Bangalore",98320322280
Route 8,12.9771437,77.63256419999999,"8/ 9, 17th F Cross, 2nd Stage, Indiranagar, Bengaluru",29925333677
Route 8,12.9727187,77.63514049999999,"3217, 13th Cross, Indiranagar, Bangalore",66146763539
Route 8,12.9728579,77.63695440000001,"68, Appareddy Palya, Near ESI Hospital, HAL 2nd Stage, Double Road, Indiranagar, Bangalore",19222028019
Route 8,12.9711854,77.63690989999999,"Ground Floor, Figure and Fitness Gym, ESI Hospital Road, Double Road, Stage 3, Indiranagar, Bangalore",90135330114
Route 8,12.9711854,77.63690989999999,"Srinivasan Towers, ESI Hospital Road, Off Double Road, Indiranagar, Bangalore",55217454663
Route 8,12.9698507,77.6359686,"12th Main Road Junction, Double Road, Indiranagar, Bangalore",75506986031
Route 8,12.9739924,77.6124456,"36, Off MG Road, Church Street, Bangalore",44759282449
Route 8,12.9743127,77.6077163,"14, 2nd Floor, Church Street, Bangalore",15239382796
Route 8,12.974685,77.605791,"24, Church Street, Bangalore",70918939146
Route 8,12.9743603,77.60504139999999,"19, Church Street, Bangalore",
Route 8,12.9735121,77.60334499999999,"9/3, Prestige Pearl House, Museum Road, Church Street, Bangalore",40661403008
,,,,
